"","OR","SE","upper","lower","p","Exposure"
"1",0.999892194380358,0.000173894414938907,1.00023304877384,0.999551456141522,0.535269547052437,"Diastolic blood pressure"
"2",0.999981152313502,0.000169722822651741,1.00031385811143,0.999648557173988,0.911576021734808,"Systolic blood pressure"
