"","OR","SE","upper","lower","Exposure"
"1",0.986482857804746,0.064660317118507,1.11977177374456,0.869059616932805,"Diastolic blood pressure"
"2",0.94397709869389,0.0723145190400706,1.08771926248023,0.819230470210352,"Systolic blood pressure"
